,ProjectName,PrimaryLanguage,Stars,TotalOfPullRequests,TotalOfIssues,TotalOfForks,Engagement
0,facebook/react,JavaScript,196463,12789,11778,40717,21761.333333333332
1,twbs/bootstrap,JavaScript,160035,13981,21569,77407,37652.333333333336
2,trekhleb/javascript-algorithms,JavaScript,153197,618,297,25584,8833.0
3,airbnb/javascript,JavaScript,128010,1376,1193,24400,8989.666666666666
4,awesome-selfhosted/awesome-selfhosted,JavaScript,106369,2496,734,6551,3260.3333333333335
5,facebook/react-native,JavaScript,105380,11302,23344,22513,19053.0
6,30-seconds/30-seconds-of-code,JavaScript,103851,1482,277,10836,4198.333333333333
7,d3/d3,JavaScript,103196,1114,2113,23192,8806.333333333334
8,facebook/create-react-app,JavaScript,97623,4067,7878,25441,12462.0
9,axios/axios,JavaScript,96808,1190,3903,9918,5003.666666666667
10,vercel/next.js,JavaScript,94179,13044,13760,20725,15843.0
11,nodejs/node,JavaScript,91077,28545,15111,24540,22732.0
12,mrdoob/three.js,JavaScript,86216,13284,11381,33131,19265.333333333332
13,goldbergyoni/nodebestpractices,JavaScript,82409,881,300,8531,3237.3333333333335
14,mui/material-ui,JavaScript,82132,17597,16521,28300,20806.0
15,ryanmcdermott/clean-code-javascript,JavaScript,73666,260,129,9981,3456.6666666666665
16,FortAwesome/Font-Awesome,JavaScript,70295,654,18575,12189,10472.666666666666
17,typicode/json-server,JavaScript,63894,333,1020,6303,2552.0
18,hakimel/reveal.js,JavaScript,62281,989,2174,16399,6520.666666666667
19,webpack/webpack,JavaScript,61952,5901,9247,8526,7891.333333333333
20,tailwindlabs/tailwindcss,JavaScript,61577,1961,2549,3127,2545.6666666666665
21,angular/angular.js,JavaScript,59368,7999,9040,28224,15087.666666666666
22,expressjs/express,JavaScript,58673,1119,3705,9962,4928.666666666667
23,resume/resume.github.com,JavaScript,58660,181,107,1377,555.0
24,atom/atom,JavaScript,58624,5254,17085,18000,13446.333333333334
25,microsoft/Web-Dev-For-Beginners,JavaScript,58609,620,0,9168,3262.6666666666665
26,chartjs/Chart.js,JavaScript,58515,3570,6593,11658,7273.666666666667
27,adam-p/markdown-here,JavaScript,56994,79,595,11091,3921.6666666666665
28,jquery/jquery,JavaScript,56853,2793,2213,20642,8549.333333333334
29,iptv-org/iptv,JavaScript,56780,5262,3765,9832,6286.333333333333
30,lodash/lodash,JavaScript,54691,1304,4049,6686,4013.0
31,jaywcjlove/awesome-mac,JavaScript,54076,777,331,5538,2215.3333333333335
32,gatsbyjs/gatsby,JavaScript,53681,20817,13662,10456,14978.333333333334
33,h5bp/html5-boilerplate,JavaScript,53479,1519,1281,12112,4970.666666666667
34,leonardomso/33-js-concepts,JavaScript,52325,247,47,7287,2527.0
35,mermaid-js/mermaid,JavaScript,50721,1594,2082,3929,2535.0
36,Semantic-Org/Semantic-UI,JavaScript,50200,876,6194,5107,4059.0
37,azl397985856/leetcode,JavaScript,49634,304,241,9181,3242.0
38,scutan90/DeepLearning-500-questions,JavaScript,49198,338,180,15318,5278.666666666667
39,strapi/strapi,JavaScript,48964,6722,6964,5978,6554.666666666667
40,anuraghazra/github-readme-stats,JavaScript,47265,1199,817,11820,4612.0
41,moment/moment,JavaScript,46989,2014,4001,7109,4374.666666666667
42,NARKOZ/hacker-scripts,JavaScript,45189,142,75,6698,2305.0
43,prettier/prettier,JavaScript,44061,7814,5730,3563,5702.333333333333
44,serverless/serverless,JavaScript,43654,5101,5771,5401,5424.333333333333
45,juliangarnier/anime,JavaScript,43487,152,656,3577,1461.6666666666667
46,meteor/meteor,JavaScript,43093,3282,8780,5221,5761.0
47,ColorlibHQ/AdminLTE,JavaScript,41637,1858,2713,17821,7464.0
48,TryGhost/Ghost,JavaScript,41558,9159,6432,8978,8189.666666666667
49,nuxt/nuxt.js,JavaScript,41476,2979,6831,3301,4370.333333333333
50,parcel-bundler/parcel,JavaScript,41447,2660,4857,2197,3238.0
51,cypress-io/cypress,JavaScript,41258,5781,11616,2588,6661.666666666667
52,iamkun/dayjs,JavaScript,41004,890,1191,2054,1378.3333333333333
53,yarnpkg/yarn,JavaScript,40883,2276,6427,2867,3856.6666666666665
54,mozilla/pdf.js,JavaScript,40261,6988,8569,9047,8201.333333333334
55,algorithm-visualizer/algorithm-visualizer,JavaScript,39283,242,92,6396,2243.3333333333335
56,nwjs/nw.js,JavaScript,39185,813,7130,3965,3969.3333333333335
57,Dogfalo/materialize,JavaScript,38724,1439,5209,4856,3834.6666666666665
58,chinese-poetry/chinese-poetry,JavaScript,38100,140,164,7851,2718.3333333333335
59,Unitech/pm2,JavaScript,37929,836,4623,2484,2647.6666666666665
60,dcloudio/uni-app,JavaScript,37282,308,3614,3362,2428.0
61,typescript-cheatsheets/react,JavaScript,37263,365,178,3286,1276.3333333333333
62,impress/impress.js,JavaScript,36972,353,458,6832,2547.6666666666665
63,marktext/marktext,JavaScript,36606,1049,2421,2766,2078.6666666666665
64,GitSquared/edex-ui,JavaScript,36158,475,559,2131,1055.0
65,Leaflet/Leaflet,JavaScript,35913,3582,4936,5488,4668.666666666667
66,hexojs/hexo,JavaScript,35570,1111,3812,4388,3103.6666666666665
67,yangshun/front-end-interview-handbook,JavaScript,35490,254,85,5192,1843.6666666666667
68,google/zx,JavaScript,34658,186,281,821,429.3333333333333
69,videojs/video.js,JavaScript,34379,2919,4860,7246,5008.333333333333
70,alvarotrigo/fullPage.js,JavaScript,34117,497,3940,7460,3965.6666666666665
71,agalwood/Motrix,JavaScript,33949,208,1055,3916,1726.3333333333333
72,quilljs/quill,JavaScript,33881,555,3109,2906,2190.0
73,sahat/hackathon-starter,JavaScript,33852,577,615,7998,3063.3333333333335
74,lerna/lerna,JavaScript,33765,1039,2312,2247,1866.0
75,adobe/brackets,JavaScript,33532,5606,9687,8075,7789.333333333333
76,koajs/koa,JavaScript,33229,783,872,3219,1624.6666666666667
77,preactjs/preact,JavaScript,33158,2010,1574,1828,1804.0
78,photonstorm/phaser,JavaScript,32997,2177,3982,6837,4332.0
79,nolimits4web/swiper,JavaScript,32949,744,4606,9644,4998.0
80,gorhill/uBlock,JavaScript,32854,347,3451,2538,2112.0
81,zenorocha/clipboard.js,JavaScript,32642,206,605,4064,1625.0
82,gulpjs/gulp,JavaScript,32639,661,1871,4399,2310.3333333333335
83,poteto/hiring-without-whiteboards,JavaScript,32464,1270,0,2841,1370.3333333333333
84,jondot/awesome-react-native,JavaScript,32027,1034,66,3916,1672.0
85,jgraph/drawio,JavaScript,31643,147,2643,6302,3030.6666666666665
86,microsoft/monaco-editor,JavaScript,31574,297,2994,3022,2104.3333333333335
87,SheetJS/sheetjs,JavaScript,31512,315,2376,7848,3513.0
88,carbon-app/carbon,JavaScript,31428,769,614,1774,1052.3333333333333
89,LeCoupa/awesome-cheatsheets,JavaScript,31010,242,60,5080,1794.0
90,iamadamdev/bypass-paywalls-chrome,JavaScript,29730,189,997,2165,1117.0
91,vuejs/vue-cli,JavaScript,29496,1785,5398,6363,4515.333333333333
92,react-boilerplate/react-boilerplate,JavaScript,28799,1182,1882,6129,3064.3333333333335
93,denysdovhan/wtfjs,JavaScript,28750,164,102,2084,783.3333333333334
94,Asabeneh/30-Days-Of-JavaScript,JavaScript,28610,386,64,6562,2337.3333333333335
95,markedjs/marked,JavaScript,28488,1281,1268,3260,1936.3333333333333
96,atlassian/react-beautiful-dnd,JavaScript,28374,939,1502,2245,1562.0
97,naptha/tesseract.js,JavaScript,28261,154,521,1900,858.3333333333334
98,tastejs/todomvc,JavaScript,27986,1304,761,13938,5334.333333333333
99,jashkenas/backbone,JavaScript,27933,1847,2395,5564,3268.6666666666665
100,typicode/husky,JavaScript,27902,332,859,983,724.6666666666666
101,aosabook/500lines,JavaScript,27881,229,69,5920,2072.6666666666665
102,vuejs/vuex,JavaScript,27836,942,1243,9543,3909.3333333333335
103,caolan/async,JavaScript,27715,760,1107,2457,1441.3333333333333
104,kenwheeler/slick,JavaScript,27707,683,3523,5933,3379.6666666666665
105,airbnb/lottie-web,JavaScript,27593,193,2660,2742,1865.0
106,standard/standard,JavaScript,27571,632,1185,2320,1379.0
107,elsewhencode/project-guidelines,JavaScript,27397,128,37,3092,1085.6666666666667
108,webtorrent/webtorrent,JavaScript,27007,780,1532,2612,1641.3333333333333
109,sequelize/sequelize,JavaScript,26909,5050,9856,4111,6339.0
110,odoo/odoo,JavaScript,26649,86596,15504,17168,39756.0
111,jashkenas/underscore,JavaScript,26640,1548,1411,5614,2857.6666666666665
112,layui/layui,JavaScript,26550,331,591,7074,2665.3333333333335
113,goabstract/Awesome-Design-Tools,JavaScript,26477,378,29,1936,781.0
114,VincentGarreau/particles.js,JavaScript,26400,107,388,4649,1714.6666666666667
115,Advanced-Frontend/Daily-Interview-Question,JavaScript,26263,23,550,3288,1287.0
116,ccxt/ccxt,JavaScript,26110,7672,7629,6379,7226.666666666667
117,transloadit/uppy,JavaScript,25979,2253,1900,1756,1969.6666666666667
118,Binaryify/NeteaseCloudMusicApi,JavaScript,25874,382,1199,11006,4195.666666666667
119,pcottle/learnGitBranching,JavaScript,25839,577,429,5396,2134.0
120,SortableJS/Sortable,JavaScript,25768,483,1660,3545,1896.0
121,request/request,JavaScript,25546,1168,2230,3177,2191.6666666666665
122,github/fetch,JavaScript,25491,301,605,3157,1354.3333333333333
123,select2/select2,JavaScript,25449,1473,4722,6348,4181.0
124,GoogleChrome/lighthouse,JavaScript,25439,5193,8424,8956,7524.333333333333
125,codemirror/codemirror5,JavaScript,25406,2856,4113,4959,3976.0
126,Modernizr/Modernizr,JavaScript,25340,1215,1480,3048,1914.3333333333333
127,parallax/jsPDF,JavaScript,25329,1219,2281,4385,2628.3333333333335
128,fastify/fastify,JavaScript,25272,2583,1559,1859,2000.3333333333333
129,OAI/OpenAPI-Specification,JavaScript,25168,994,1903,8627,3841.3333333333335
130,YMFE/yapi,JavaScript,25140,265,2335,4444,2348.0
131,GitbookIO/gitbook,JavaScript,25101,386,0,3743,1376.3333333333333
132,ajaxorg/ace,JavaScript,24973,2004,2863,5218,3361.6666666666665
133,Automattic/mongoose,JavaScript,24897,2622,9756,3588,5322.0
134,sudheerj/reactjs-interview-questions,JavaScript,24791,137,64,6137,2112.6666666666665
135,rstacruz/nprogress,JavaScript,24772,95,146,1846,695.6666666666666
136,nylas/nylas-mail,JavaScript,24704,253,3420,1466,1713.0
137,remy/nodemon,JavaScript,24563,500,1567,1669,1245.3333333333333
138,bvaughn/react-virtualized,JavaScript,24310,621,1145,3060,1608.6666666666667
139,Kong/insomnia,JavaScript,24197,2081,2723,1340,2048.0
140,immerjs/immer,JavaScript,23823,401,584,775,586.6666666666666
141,jamiebuilds/the-super-tiny-compiler,JavaScript,23743,56,0,2615,890.3333333333334
142,tj/commander.js,JavaScript,23593,873,933,1668,1158.0
143,lovell/sharp,JavaScript,23578,350,3058,1174,1527.3333333333333
144,TheAlgorithms/JavaScript,JavaScript,23403,1034,167,4060,1753.6666666666667
145,hammerjs/hammer.js,JavaScript,23250,249,1033,2663,1315.0
146,qishibo/AnotherRedisDesktopManager,JavaScript,23094,180,764,2173,1039.0
147,fabricjs/fabric.js,JavaScript,23035,2325,5564,3140,3676.3333333333335
148,digitalocean/nginxconfig.io,JavaScript,23015,196,197,1633,675.3333333333334
149,swagger-api/swagger-ui,JavaScript,22883,3163,4939,8493,5531.666666666667
150,sampotts/plyr,JavaScript,22783,519,1910,2711,1713.3333333333333
151,ryanhanwu/How-To-Ask-Questions-The-Smart-Way,JavaScript,22717,98,25,5030,1717.6666666666667
152,feathericons/feather,JavaScript,22687,573,586,1140,766.3333333333334
153,remoteintech/remote-jobs,JavaScript,22597,1397,137,2393,1309.0
154,pure-css/pure,JavaScript,22593,466,570,2502,1179.3333333333333
155,ramda/ramda,JavaScript,22472,1712,1575,1442,1576.3333333333333
156,louislam/uptime-kuma,JavaScript,22420,727,1509,1864,1366.6666666666667
157,rollup/rollup,JavaScript,22385,1794,2881,1226,1967.0
158,emberjs/ember.js,JavaScript,22325,9941,6617,4282,6946.666666666667
159,balderdashy/sails,JavaScript,22320,923,6325,1974,3074.0
160,redux-saga/redux-saga,JavaScript,22308,843,1458,2030,1443.6666666666667
161,dimsemenov/PhotoSwipe,JavaScript,22291,214,1738,3298,1750.0
162,haizlin/fe-interview,JavaScript,22241,17,5178,3049,2748.0
163,ovity/octotree,JavaScript,22222,385,744,1858,995.6666666666666
164,quasarframework/quasar,JavaScript,22187,4235,6987,2983,4735.0
165,facebook/draft-js,JavaScript,22148,1362,1770,2659,1930.3333333333333
166,MostlyAdequate/mostly-adequate-guide,JavaScript,22147,366,270,1816,817.3333333333334
167,vercel/pkg,JavaScript,22138,264,1303,943,836.6666666666666
168,ascoders/weekly,JavaScript,21948,133,310,2635,1026.0
169,Tencent/wepy,JavaScript,21935,663,2142,3063,1956.0
170,docsifyjs/docsify,JavaScript,21842,723,1114,5271,2369.3333333333335
171,michalsnik/aos,JavaScript,21716,135,634,2329,1032.6666666666667
172,mochajs/mocha,JavaScript,21711,2031,2844,2982,2619.0
173,AMAI-GmbH/AI-Expert-Roadmap,JavaScript,21694,14,50,1972,678.6666666666666
174,DIYgod/RSSHub,JavaScript,21642,7099,3948,4521,5189.333333333333
175,usablica/intro.js,JavaScript,21582,1021,749,2614,1461.3333333333333
176,bilibili/flv.js,JavaScript,21568,65,688,3310,1354.3333333333333
177,lyswhut/lx-music-desktop,JavaScript,21562,37,956,3793,1595.3333333333333
178,eslint/eslint,JavaScript,21488,6433,9295,3908,6545.333333333333
179,bevacqua/dragula,JavaScript,21337,188,511,1987,895.3333333333334
180,viatsko/awesome-vscode,JavaScript,21255,317,42,1140,499.6666666666667
181,chenglou/react-motion,JavaScript,21196,223,394,1186,601.0
182,localForage/localForage,JavaScript,21166,372,685,1214,757.0
183,discordjs/discord.js,JavaScript,21103,4642,3449,3611,3900.6666666666665
184,jlmakes/scrollreveal,JavaScript,21103,53,473,2187,904.3333333333334
185,pugjs/pug,JavaScript,20978,849,2533,1976,1786.0
186,paularmstrong/normalizr,JavaScript,20948,193,0,887,360.0
187,vuejs/vuepress,JavaScript,20894,1204,1879,4640,2574.3333333333335
188,goldfire/howler.js,JavaScript,20822,259,1325,2116,1233.3333333333333
189,jaredhanson/passport,JavaScript,20761,145,727,1189,687.0
190,postcss/autoprefixer,JavaScript,20631,329,1128,1276,911.0
191,highlightjs/highlight.js,JavaScript,20570,1746,1871,3391,2336.0
192,git-tips/tips,JavaScript,20491,170,37,1733,646.6666666666666
193,Meituan-Dianping/mpvue,JavaScript,20410,148,1687,2119,1318.0
194,validatorjs/validator.js,JavaScript,20354,1134,940,2052,1375.3333333333333
195,ruanyf/es6tutorial,JavaScript,20328,595,546,8897,3346.0
196,necolas/react-native-web,JavaScript,20305,665,1634,1739,1346.0
197,camsong/You-Dont-Need-jQuery,JavaScript,20264,181,68,1833,694.0
198,OpenZeppelin/openzeppelin-contracts,JavaScript,20261,2195,1491,10400,4695.333333333333
199,lutzroeder/netron,JavaScript,20251,130,867,2320,1105.6666666666667
200,petkaantonov/bluebird,JavaScript,20171,542,1139,2422,1367.6666666666667
201,avajs/ava,JavaScript,20036,1360,1589,1457,1468.6666666666667
202,js-cookie/js-cookie,JavaScript,19996,249,519,2063,943.6666666666666
203,enzymejs/enzyme,JavaScript,19955,806,1762,2104,1557.3333333333333
204,zhaoolee/ChromeAppHeroes,JavaScript,19848,24,44,2212,760.0
205,parse-community/parse-server,JavaScript,19806,3980,4221,4679,4293.333333333333
206,FredKSchott/snowpack,JavaScript,19756,1492,879,988,1119.6666666666667
207,benweet/stackedit,JavaScript,19680,128,1655,2638,1473.6666666666667
208,winstonjs/winston,JavaScript,19626,865,1350,1725,1313.3333333333333
209,Reactive-Extensions/RxJS,JavaScript,19601,637,874,2209,1240.0
210,eligrey/FileSaver.js,JavaScript,19571,158,614,4348,1706.6666666666667
211,verekia/js-stack-from-scratch,JavaScript,19355,105,157,1972,744.6666666666666
212,shimohq/chinese-programmer-wrong-pronunciation,JavaScript,19340,168,226,1474,622.6666666666666
213,chalk/chalk,JavaScript,19304,167,335,789,430.3333333333333
214,segmentio/nightmare,JavaScript,19292,401,1243,1156,933.3333333333334
215,hapijs/joi,JavaScript,19282,635,2224,1511,1456.6666666666667
216,goldbergyoni/javascript-testing-best-practices,JavaScript,19237,166,54,1721,647.0
217,Popmotion/popmotion,JavaScript,19114,364,583,688,545.0
218,gchq/CyberChef,JavaScript,19097,554,713,2279,1182.0
219,ai/nanoid,JavaScript,18953,194,193,689,358.6666666666667
220,websockets/ws,JavaScript,18930,674,1398,2245,1439.0
221,vuejs/vue-router,JavaScript,18888,945,2788,5165,2966.0
222,jorgebucaran/hyperapp,JavaScript,18855,492,579,833,634.6666666666666
223,philc/vimium,JavaScript,18853,1019,3107,2274,2133.3333333333335
224,jitsi/jitsi-meet,JavaScript,18761,6968,5422,5932,6107.333333333333
225,nuysoft/Mock,JavaScript,18469,50,437,2667,1051.3333333333333
226,typicode/lowdb,JavaScript,18412,138,415,860,471.0
227,svg/svgo,JavaScript,18376,590,1103,1317,1003.3333333333334
228,zadam/trilium,JavaScript,18360,203,2469,1200,1290.6666666666667
229,wekan/wekan,JavaScript,18268,1221,3221,2763,2401.6666666666665
230,processing/p5.js,JavaScript,18255,2427,3316,2721,2821.3333333333335
231,eggjs/egg,JavaScript,18203,1149,3861,1779,2263.0
232,badges/shields,JavaScript,18122,6203,2224,5044,4490.333333333333
233,SortableJS/Vue.Draggable,JavaScript,18053,140,1014,2767,1307.0
234,jsdom/jsdom,JavaScript,18010,1307,2112,1554,1657.6666666666667
235,responsively-org/responsively-app,JavaScript,17948,289,357,767,471.0
236,facebookexperimental/Recoil,JavaScript,17847,960,915,1008,961.0
237,HelloZeroNet/ZeroNet,JavaScript,17654,582,2148,2269,1666.3333333333333
238,nosir/cleave.js,JavaScript,17558,191,502,1639,777.3333333333334
239,adam-golab/react-developer-roadmap,JavaScript,17516,59,41,1925,675.0
240,zloirock/core-js,JavaScript,17508,282,822,1329,811.0
241,mysqljs/mysql,JavaScript,17474,390,2120,2486,1665.3333333333333
242,facebook/flux,JavaScript,17364,313,241,3591,1381.6666666666667
243,PanJiaChen/vue-admin-template,JavaScript,17240,101,638,6670,2469.6666666666665
244,BoostIO/BoostNote-Legacy,JavaScript,17236,1359,2342,1548,1749.6666666666667
245,julianshapiro/velocity,JavaScript,17206,116,815,1619,850.0
246,JacksonTian/fks,JavaScript,17199,118,30,4625,1591.0
247,handsontable/handsontable,JavaScript,17129,2001,7652,2813,4155.333333333333
248,testing-library/react-testing-library,JavaScript,17096,445,651,1015,703.6666666666666
249,MichMich/MagicMirror,JavaScript,17033,1519,1301,3910,2243.3333333333335
250,SBoudrias/Inquirer.js,JavaScript,16961,435,730,1182,782.3333333333334
251,framework7io/framework7,JavaScript,16942,674,3360,3291,2441.6666666666665
252,tailwindlabs/heroicons,JavaScript,16909,99,355,1078,510.6666666666667
253,dropzone/dropzone,JavaScript,16909,248,1798,3309,1785.0
254,chaozh/awesome-blockchain-cn,JavaScript,16904,25,32,3498,1185.0
255,less/less.js,JavaScript,16862,931,2791,3459,2393.6666666666665
256,handlebars-lang/handlebars.js,JavaScript,16822,521,1325,2064,1303.3333333333333
257,defunkt/jquery-pjax,JavaScript,16805,279,446,2067,930.6666666666666
258,angular/material,JavaScript,16725,3084,9009,3539,5210.666666666667
259,statsd/statsd,JavaScript,16710,457,273,1985,905.0
260,artf/grapesjs,JavaScript,16623,483,3431,3174,2362.6666666666665
261,nfl/react-helmet,JavaScript,16611,302,375,697,458.0
262,knex/knex,JavaScript,16603,1924,3440,1972,2445.3333333333335
263,Asabeneh/30-Days-Of-React,JavaScript,16600,176,47,4304,1509.0
264,semantic-release/semantic-release,JavaScript,16595,1017,1233,1595,1281.6666666666667
265,amark/gun,JavaScript,16548,544,728,1105,792.3333333333334
266,copy/v86,JavaScript,16530,142,527,1173,614.0
267,react-grid-layout/react-grid-layout,JavaScript,16516,387,1307,2253,1315.6666666666667
268,EastWorld/wechat-app-mall,JavaScript,16511,75,206,5778,2019.6666666666667
269,aFarkas/lazysizes,JavaScript,16503,132,805,1750,895.6666666666666
270,nondanee/UnblockNeteaseMusic,JavaScript,16491,45,767,2525,1112.3333333333333
271,ethereumbook/ethereumbook,JavaScript,16452,821,199,4067,1695.6666666666667
272,alsotang/node-lessons,JavaScript,16449,45,128,4823,1665.3333333333333
273,twitter/typeahead.js,JavaScript,16446,473,1326,3270,1689.6666666666667
274,jamiebuilds/react-loadable,JavaScript,16440,239,0,853,364.0
275,Shopify/draggable,JavaScript,16415,248,288,1048,528.0
276,eip-work/kuboard-press,JavaScript,16400,22,338,1236,532.0
277,youzan/vant-weapp,JavaScript,16298,1683,3356,3382,2807.0
278,web3/web3.js,JavaScript,16298,2021,3097,4283,3133.6666666666665
279,hubotio/hubot,JavaScript,16282,758,777,3889,1808.0
280,motdotla/dotenv,JavaScript,16175,278,400,803,493.6666666666667
281,oblador/react-native-vector-icons,JavaScript,16151,330,1136,2051,1172.3333333333333
282,visionmedia/superagent,JavaScript,16145,650,1063,1334,1015.6666666666666
283,dvajs/dva,JavaScript,16088,344,2156,3226,1908.6666666666667
284,ruanyf/react-demos,JavaScript,16010,51,32,6569,2217.3333333333335
285,JedWatson/classnames,JavaScript,15957,141,144,546,277.0
286,wagerfield/parallax,JavaScript,15923,43,272,2161,825.3333333333334
287,KaTeX/KaTeX,JavaScript,15881,2055,1473,1081,1536.3333333333333
288,getify/Functional-Light-JS,JavaScript,15835,89,123,1925,712.3333333333334
289,netlify/netlify-cms,JavaScript,15809,3862,2663,2842,3122.3333333333335
290,auth0/node-jsonwebtoken,JavaScript,15797,254,558,1147,653.0
291,menzi11/BullshitGenerator,JavaScript,15700,53,154,2975,1060.6666666666667
292,yabwe/medium-editor,JavaScript,15682,641,941,1884,1155.3333333333333
293,appium/appium,JavaScript,15637,4412,12707,5759,7626.0
294,janl/mustache.js,JavaScript,15582,338,462,2442,1080.6666666666667
295,emotion-js/emotion,JavaScript,15573,1303,1499,1034,1278.6666666666667
296,infernojs/inferno,JavaScript,15567,738,869,673,760.0
297,Budibase/budibase,JavaScript,15457,2252,2867,911,2010.0
298,jasmine/jasmine,JavaScript,15451,599,1368,2273,1413.3333333333333
299,node-red/node-red,JavaScript,15443,1819,2064,2905,2262.6666666666665
300,you-dont-need/You-Dont-Need-Lodash-Underscore,JavaScript,15417,231,116,744,363.6666666666667
301,pouchdb/pouchdb,JavaScript,15301,4365,4154,1434,3317.6666666666665
302,lllyasviel/style2paints,JavaScript,15219,24,173,1879,692.0
303,nswbmw/N-blog,JavaScript,15170,46,442,4761,1749.6666666666667
304,browsh-org/browsh,JavaScript,15130,75,372,437,294.6666666666667
305,sweetalert2/sweetalert2,JavaScript,15127,991,1525,1496,1337.3333333333333
306,SimulatedGREG/electron-vue,JavaScript,15101,185,937,1557,893.0
307,nodemailer/nodemailer,JavaScript,15092,218,1255,1318,930.3333333333334
308,plotly/plotly.js,JavaScript,15071,2618,3713,1711,2680.6666666666665
309,greensock/GSAP,JavaScript,15061,47,468,1582,699.0
310,bower/bower,JavaScript,15059,678,1914,1947,1513.0
311,localtunnel/localtunnel,JavaScript,14994,90,436,1140,555.3333333333334
312,designmodo/Flat-UI,JavaScript,14953,74,189,2388,883.6666666666666
313,krisk/Fuse,JavaScript,14950,182,488,741,470.3333333333333
314,kriskowal/q,JavaScript,14950,299,556,1243,699.3333333333334
315,yaronn/blessed-contrib,JavaScript,14949,95,141,898,378.0
316,ampproject/amphtml,JavaScript,14911,24378,13916,4023,14105.666666666666
317,acdlite/recompose,JavaScript,14846,430,439,1305,724.6666666666666
318,be5invis/Iosevka,JavaScript,14742,111,1316,488,638.3333333333334
319,keystonejs/keystone-classic,JavaScript,14718,2543,2458,2290,2430.3333333333335
320,riot/riot,JavaScript,14710,764,2170,1023,1319.0
321,aframevr/aframe,JavaScript,14659,2148,2952,3563,2887.6666666666665
322,grab/front-end-guide,JavaScript,14640,42,10,1146,399.3333333333333
323,mjmlio/mjml,JavaScript,14540,740,1797,878,1138.3333333333333
324,checkly/headless-recorder,JavaScript,14536,113,105,680,299.3333333333333
325,frappe/charts,JavaScript,14514,127,262,725,371.3333333333333
326,angular-ui/bootstrap,JavaScript,14429,2270,4454,6934,4552.666666666667
327,maxwellito/vivus,JavaScript,14397,42,199,1142,461.0
328,facebookarchive/prepack,JavaScript,14364,1871,769,488,1042.6666666666667
329,markdown-it/markdown-it,JavaScript,14338,147,739,1551,812.3333333333334
330,simple-icons/simple-icons,JavaScript,14325,4500,3411,2052,3321.0
331,commitizen/cz-cli,JavaScript,14319,618,330,545,497.6666666666667
332,browserify/browserify,JavaScript,14247,541,1485,1242,1089.3333333333333
333,modood/Administrative-divisions-of-China,JavaScript,14184,20,104,6538,2220.6666666666665
334,bootstrap-vue/bootstrap-vue,JavaScript,14088,3629,3311,1898,2946.0
335,kamranahmedse/driver.js,JavaScript,14083,118,209,793,373.3333333333333
336,ToolJet/ToolJet,JavaScript,14069,2429,2085,1266,1926.6666666666667
337,janpaepke/ScrollMagic,JavaScript,14034,86,918,2059,1021.0
338,fbsamples/f8app,JavaScript,14031,93,206,2633,977.3333333333334
339,hapijs/hapi,JavaScript,14019,1303,3057,1365,1908.3333333333333
340,mdx-js/mdx,JavaScript,14013,1276,595,1143,1004.6666666666666
341,verdaccio/verdaccio,JavaScript,14013,2065,1038,1254,1452.3333333333333
342,brave/brave-browser,JavaScript,14007,1880,24091,1629,9200.0
343,gpujs/gpu.js,JavaScript,13970,203,573,666,480.6666666666667
344,automerge/automerge,JavaScript,13955,242,267,4053,1520.6666666666667
345,FormidableLabs/webpack-dashboard,JavaScript,13890,127,217,427,257.0
346,geeeeeeeeek/electronic-wechat,JavaScript,13869,98,595,2813,1168.6666666666667
347,marcuswestin/store.js,JavaScript,13843,116,215,1398,576.3333333333334
348,thomaspark/bootswatch,JavaScript,13838,368,840,3667,1625.0
349,liabru/matter-js,JavaScript,13807,135,1025,1853,1004.3333333333334
350,infinitered/reactotron,JavaScript,13762,760,489,906,718.3333333333334
351,bradtraversy/vanillawebprojects,JavaScript,13710,69,0,3925,1331.3333333333333
352,stephentian/33-js-concepts,JavaScript,13706,20,17,2209,748.6666666666666
353,foreversd/forever,JavaScript,13658,215,916,982,704.3333333333334
354,RobinLinus/snapdrop,JavaScript,13648,104,405,1231,580.0
355,edent/SuperTinyIcons,JavaScript,13638,454,216,817,495.6666666666667
356,adobe-webplatform/Snap.svg,JavaScript,13579,110,556,1165,610.3333333333334
357,brix/crypto-js,JavaScript,13566,69,360,1965,798.0
358,google/WebFundamentals,JavaScript,13556,5507,3930,2717,4051.3333333333335
359,shelljs/shelljs,JavaScript,13531,503,597,738,612.6666666666666
360,amazeui/amazeui,JavaScript,13523,436,715,2550,1233.6666666666667
361,MithrilJS/mithril.js,JavaScript,13479,1221,1532,952,1235.0
362,umami-software/umami,JavaScript,13465,510,803,2050,1121.0
363,zalmoxisus/redux-devtools-extension,JavaScript,13451,171,672,1060,634.3333333333334
364,ether/etherpad-lite,JavaScript,13412,2631,2925,2454,2670.0
365,paperjs/paper.js,JavaScript,13385,409,1588,1183,1060.0
366,DIYgod/DPlayer,JavaScript,13381,462,804,2263,1176.3333333333333
367,dcloudio/mui,JavaScript,13365,62,454,6719,2411.6666666666665
368,strongloop/loopback,JavaScript,13293,1046,3276,1238,1853.3333333333333
369,jsdoc/jsdoc,JavaScript,13217,452,1546,1441,1146.3333333333333
370,unbug/codelf,JavaScript,13195,10,110,967,362.3333333333333
371,bvaughn/react-window,JavaScript,13193,140,536,734,470.0
372,louischatriot/nedb,JavaScript,13192,128,564,1018,570.0
373,OptimalBits/bull,JavaScript,13169,657,1664,1389,1236.6666666666667
374,angular/angular-seed,JavaScript,13144,243,216,7087,2515.3333333333335
375,moment/luxon,JavaScript,13136,397,879,680,652.0
376,pomber/git-history,JavaScript,13098,84,102,536,240.66666666666666
377,faressoft/terminalizer,JavaScript,13027,52,148,462,220.66666666666666
378,11ty/eleventy,JavaScript,13027,244,1955,417,872.0
379,http-party/node-http-proxy,JavaScript,13023,503,1093,1867,1154.3333333333333
380,NodeBB/NodeBB,JavaScript,13007,3583,7354,2625,4520.666666666667
381,liriliri/eruda,JavaScript,13006,37,218,994,416.3333333333333
382,tabler/tabler-icons,JavaScript,12962,49,266,657,324.0
383,rahuldkjain/github-profile-readme-generator,JavaScript,12957,349,291,3341,1327.0
384,Flipboard/react-canvas,JavaScript,12937,59,110,966,378.3333333333333
385,you-dont-need/You-Dont-Need-Momentjs,JavaScript,12933,84,48,334,155.33333333333334
386,pqina/filepond,JavaScript,12929,116,736,744,532.0
387,DrkSephy/es6-cheatsheet,JavaScript,12922,65,29,1122,405.3333333333333
388,Semantic-Org/Semantic-UI-React,JavaScript,12884,1905,2481,3975,2787.0
389,cubiq/iscroll,JavaScript,12877,289,969,3899,1719.0
390,selectize/selectize.js,JavaScript,12864,559,1279,3707,1848.3333333333333
391,showdownjs/showdown,JavaScript,12843,280,665,1572,839.0
392,requirejs/requirejs,JavaScript,12836,310,1519,2430,1419.6666666666667
393,mifi/lossless-cut,JavaScript,12813,156,989,811,652.0
394,rwaldron/johnny-five,JavaScript,12806,621,1134,1780,1178.3333333333333
395,myliang/x-spreadsheet,JavaScript,12805,139,480,1477,698.6666666666666
396,uuidjs/uuid,JavaScript,12738,309,342,847,499.3333333333333
397,josdejong/mathjs,JavaScript,12706,1123,1516,1154,1264.3333333333333
398,MobSF/Mobile-Security-Framework-MobSF,JavaScript,12683,728,1289,2711,1576.0
399,carloscuesta/gitmoji,JavaScript,12633,699,456,704,619.6666666666666
400,node-inspector/node-inspector,JavaScript,12606,246,820,758,608.0
401,redux-form/redux-form,JavaScript,12600,1037,3728,1688,2151.0
402,openstf/stf,JavaScript,12587,234,1094,2546,1291.3333333333333
403,PavelDoGreat/WebGL-Fluid-Simulation,JavaScript,12585,17,63,1421,500.3333333333333
404,uxsolutions/bootstrap-datepicker,JavaScript,12565,923,1743,6206,2957.3333333333335
405,pandao/editor.md,JavaScript,12546,82,888,2359,1109.6666666666667
406,auchenberg/volkswagen,JavaScript,12524,73,30,252,118.33333333333333
407,visionmedia/supertest,JavaScript,12500,235,561,765,520.3333333333334
408,jwagner/smartcrop.js,JavaScript,12492,28,86,608,240.66666666666666
409,spicetify/spicetify-cli,JavaScript,12491,314,1351,513,726.0
410,surmon-china/vue-awesome-swiper,JavaScript,12477,79,768,1981,942.6666666666666
411,Tencent/omi,JavaScript,12420,462,302,1244,669.3333333333334
412,mattboldt/typed.js,JavaScript,12403,142,373,1602,705.6666666666666
413,sudheerj/javascript-interview-questions,JavaScript,12381,94,59,3669,1274.0
414,systemjs/systemjs,JavaScript,12331,469,1957,1123,1183.0
415,xiandanin/magnetW,JavaScript,12320,7,0,2202,736.3333333333334
416,dream-num/Luckysheet,JavaScript,12316,279,831,1695,935.0
417,mishoo/UglifyJS,JavaScript,12301,2911,2795,1242,2316.0
418,webrtc/samples,JavaScript,12294,953,621,5567,2380.3333333333335
419,docker/kitematic,JavaScript,12255,534,5277,1529,2446.6666666666665
420,oliver-moran/jimp,JavaScript,12228,377,724,741,614.0
421,gaearon/react-hot-loader,JavaScript,12217,884,959,839,894.0
422,http-party/http-server,JavaScript,12196,334,499,1389,740.6666666666666
423,gruntjs/grunt,JavaScript,12177,488,1243,1538,1089.6666666666667
424,amfe/lib-flexible,JavaScript,12138,13,197,3521,1243.6666666666667
425,Automattic/wp-calypso,JavaScript,12128,44783,23620,1958,23453.666666666668
426,erikras/react-redux-universal-hot-example,JavaScript,12062,615,806,2580,1333.6666666666667
427,answershuto/learnVue,JavaScript,12046,41,33,2539,871.0
428,VerbalExpressions/JSVerbalExpressions,JavaScript,12022,269,110,527,302.0
429,webpack-contrib/webpack-bundle-analyzer,JavaScript,12015,246,274,499,339.6666666666667
430,react-dates/react-dates,JavaScript,11997,820,1368,1722,1303.3333333333333
431,codesandbox/codesandbox-client,JavaScript,11958,3595,3134,2046,2925.0
432,krasimir/react-in-patterns,JavaScript,11909,51,22,854,309.0
433,apexcharts/apexcharts.js,JavaScript,11897,293,2741,1014,1349.3333333333333
434,davidshimjs/qrcodejs,JavaScript,11888,87,191,4640,1639.3333333333333
435,1995parham/github-do-not-ban-us,JavaScript,11877,1290,306,1135,910.3333333333334
436,segmentio/evergreen,JavaScript,11845,1019,454,819,764.0
437,BrowserSync/browser-sync,JavaScript,11827,303,1665,778,915.3333333333334
438,reactioncommerce/reaction,JavaScript,11824,2993,3455,2153,2867.0
439,phobal/ivideo,JavaScript,11815,14,0,3272,1095.3333333333333
440,graphql/dataloader,JavaScript,11800,145,164,509,272.6666666666667
441,marko-js/marko,JavaScript,11793,826,1015,643,828.0
442,tj/co,JavaScript,11780,159,174,825,386.0
443,karma-runner/karma,JavaScript,11772,1790,2024,1751,1855.0
444,jaredreich/pell,JavaScript,11769,64,153,610,275.6666666666667
445,single-spa/single-spa,JavaScript,11768,312,601,840,584.3333333333334
446,d2-projects/d2-admin,JavaScript,11768,74,288,2357,906.3333333333334
447,nock/nock,JavaScript,11763,1344,1035,776,1051.6666666666667
448,github/docs,JavaScript,11748,10132,2163,57213,23169.333333333332
449,RelaxedJS/ReLaXed,JavaScript,11734,45,131,454,210.0
450,bailicangdu/node-elm,JavaScript,11723,16,253,3681,1316.6666666666667
451,NetEase/pomelo,JavaScript,11577,174,923,2915,1337.3333333333333
452,Matt-Esch/virtual-dom,JavaScript,11460,187,267,814,422.6666666666667
453,scottjehl/Respond,JavaScript,11433,121,256,3489,1288.6666666666667
454,CodeSeven/toastr,JavaScript,11410,254,429,2027,903.3333333333334
455,wenzhixin/bootstrap-table,JavaScript,11389,1567,4910,4497,3658.0
456,ptmt/react-native-macos,JavaScript,11326,103,173,482,252.66666666666666
457,dimsemenov/Magnific-Popup,JavaScript,11303,163,1018,3564,1581.6666666666667
458,diegomura/react-pdf,JavaScript,11296,562,1358,927,949.0
459,akveo/blur-admin,JavaScript,11291,74,372,3167,1204.3333333333333
460,browserslist/browserslist,JavaScript,11275,262,454,664,460.0
461,leon-ai/leon,JavaScript,11273,196,237,875,436.0
462,firebase/functions-samples,JavaScript,11261,519,449,3847,1605.0
463,avwo/whistle,JavaScript,11251,102,696,935,577.6666666666666
464,keeweb/keeweb,JavaScript,11228,169,1881,1012,1020.6666666666666
465,ccampbell/mousetrap,JavaScript,11213,134,372,998,501.3333333333333
466,nightwatchjs/nightwatch,JavaScript,11208,708,2509,1101,1439.3333333333333
467,fengyuanchen/cropperjs,JavaScript,11186,91,854,2252,1065.6666666666667
468,DmitryBaranovskiy/raphael,JavaScript,11134,254,877,1715,948.6666666666666
469,GoogleChrome/workbox,JavaScript,11098,1241,1825,795,1287.0
470,jquery/jquery-ui,JavaScript,11084,2007,88,5338,2477.6666666666665
471,lokesh/color-thief,JavaScript,11070,72,153,1282,502.3333333333333
472,luin/medis,JavaScript,11057,92,178,812,360.6666666666667
473,leanote/leanote,JavaScript,11046,83,0,2430,837.6666666666666
474,Shopify/dashing,JavaScript,11045,132,625,1228,661.6666666666666
475,okonet/lint-staged,JavaScript,11033,556,666,402,541.3333333333334
476,casesandberg/react-color,JavaScript,10981,347,524,897,589.3333333333334
477,stylus/stylus,JavaScript,10971,684,2000,1135,1273.0
478,vuejs/vue-hackernews-2.0,JavaScript,10964,128,283,2255,888.6666666666666
479,summernote/summernote,JavaScript,10919,1090,3274,2220,2194.6666666666665
480,muaz-khan/WebRTC-Experiment,JavaScript,10916,48,656,3928,1544.0
481,jaredpalmer/razzle,JavaScript,10904,720,1026,922,889.3333333333334
482,jxnblk/mdx-deck,JavaScript,10880,501,323,665,496.3333333333333
483,sveltejs/kit,JavaScript,10877,3463,3247,1004,2571.3333333333335
484,GoogleChrome/chrome-extensions-samples,JavaScript,10861,382,332,6116,2276.6666666666665
485,WickyNilliams/headroom.js,JavaScript,10858,97,289,864,416.6666666666667
486,javve/list.js,JavaScript,10836,157,594,925,558.6666666666666
487,downshift-js/downshift,JavaScript,10833,689,730,918,779.0
488,mholt/PapaParse,JavaScript,10815,251,704,1103,686.0
489,30-seconds/30-seconds-of-interviews,JavaScript,10804,167,51,953,390.3333333333333
490,docmirror/dev-sidecar,JavaScript,10784,5,219,1292,505.3333333333333
491,browserstate/history.js,JavaScript,10783,85,405,1411,633.6666666666666
492,GoogleChromeLabs/ndb,JavaScript,10775,161,165,269,198.33333333333334
493,star7th/showdoc,JavaScript,10750,87,1716,2089,1297.3333333333333
494,brianc/node-postgres,JavaScript,10732,772,2065,1132,1323.0
495,PrismJS/prism,JavaScript,10704,1956,1511,1251,1572.6666666666667
496,withspectrum/spectrum,JavaScript,10701,3716,0,1250,1655.3333333333333
497,zhaoolee/ChineseBQB,JavaScript,10693,69,80,1140,429.6666666666667
498,google/blockly,JavaScript,10692,4316,2217,3396,3309.6666666666665
499,jonasschmedtmann/complete-javascript-course,JavaScript,10688,162,135,12857,4384.666666666667
500,apachecn/apachecn-algo-zh,JavaScript,10672,252,21,2202,825.0
501,sql-js/sql.js,JavaScript,10668,140,387,994,507.0
502,chjj/blessed,JavaScript,10660,95,328,535,319.3333333333333
503,shipshapecode/shepherd,JavaScript,10646,1595,497,589,893.6666666666666
504,akiran/react-slick,JavaScript,10646,617,1565,2023,1401.6666666666667
505,thx/RAP,JavaScript,10582,34,1286,2566,1295.3333333333333
506,kesenhoo/android-training-course-in-chinese,JavaScript,10559,384,30,2745,1053.0
507,nasa/openmct,JavaScript,10555,2752,3020,1140,2304.0
508,restify/node-restify,JavaScript,10511,835,1090,1014,979.6666666666666
509,dangrossman/daterangepicker,JavaScript,10507,626,0,3300,1308.6666666666667
510,reactide/reactide,JavaScript,10476,106,105,726,312.3333333333333
511,serverless/examples,JavaScript,10466,507,211,4220,1646.0
512,bpampuch/pdfmake,JavaScript,10440,241,2251,1900,1464.0
513,debug-js/debug,JavaScript,10416,309,595,917,607.0
514,karpathy/convnetjs,JavaScript,10404,47,75,2034,718.6666666666666
515,overleaf/overleaf,JavaScript,10402,202,841,1148,730.3333333333334
516,reactstrap/reactstrap,JavaScript,10393,1371,1231,1313,1305.0
517,PatrickJS/MFE-starter,JavaScript,10391,834,1236,5085,2385.0
518,invertase/react-native-firebase,JavaScript,10385,1412,4297,2065,2591.3333333333335
519,spencermountain/compromise,JavaScript,10378,340,607,659,535.3333333333334
520,atomiks/tippyjs,JavaScript,10370,183,880,553,538.6666666666666
521,imakewebthings/waypoints,JavaScript,10351,66,556,1389,670.3333333333334
522,majodev/google-webfonts-helper,JavaScript,10348,13,142,376,177.0
523,davezuko/react-redux-starter-kit,JavaScript,10337,467,882,2301,1216.6666666666667
524,visgl/deck.gl,JavaScript,10294,4005,2521,1857,2794.3333333333335
525,jantimon/html-webpack-plugin,JavaScript,10288,507,1255,1333,1031.6666666666667
526,timqian/chinese-independent-blogs,JavaScript,10268,1134,40,1535,903.0
527,jquery-validation/jquery-validation,JavaScript,10249,810,1638,2852,1766.6666666666667
528,knockout/knockout,JavaScript,10249,753,1843,1558,1384.6666666666667
529,pinojs/pino,JavaScript,10240,806,767,747,773.3333333333334
530,clauderic/react-sortable-hoc,JavaScript,10239,269,588,967,608.0
531,jaredpalmer/tsdx,JavaScript,10237,533,573,491,532.3333333333334
532,exceljs/exceljs,JavaScript,10226,448,1519,1345,1104.0
533,Anarios/return-youtube-dislike,JavaScript,10222,294,439,451,394.6666666666667
534,expressjs/multer,JavaScript,10207,205,885,973,687.6666666666666
535,Netflix/falcor,JavaScript,10201,528,474,474,492.0
536,petehunt/webpack-howto,JavaScript,10188,54,46,732,277.3333333333333
537,marcotcr/lime,JavaScript,10162,109,587,1667,787.6666666666666
538,react-static/react-static,JavaScript,10161,652,921,810,794.3333333333334
539,pagekit/vue-resource,JavaScript,10134,138,534,1682,784.6666666666666
540,adambard/learnxinyminutes-docs,JavaScript,10108,3771,720,3007,2499.3333333333335
541,haltu/muuri,JavaScript,10096,39,490,630,386.3333333333333
542,yargs/yargs,JavaScript,10091,1055,1171,1018,1081.3333333333333
543,electron/electron-quick-start,JavaScript,10091,349,265,4841,1818.3333333333333
544,FredrikNoren/ungit,JavaScript,10064,742,792,674,736.0
545,cmiscm/leonsans,JavaScript,10054,3,32,529,188.0
546,vega/vega,JavaScript,10034,1748,1825,1361,1644.6666666666667
547,leecade/react-native-swiper,JavaScript,10026,364,982,2379,1241.6666666666667
548,scottjehl/picturefill,JavaScript,10025,282,430,1125,612.3333333333334
549,tariqbuilds/linux-dash,JavaScript,10007,234,273,1242,583.0
550,qrohlf/trianglify,JavaScript,9999,70,83,720,291.0
551,FormidableLabs/victory,JavaScript,9960,750,1685,526,987.0
552,wix/Detox,JavaScript,9955,1303,2245,1901,1816.3333333333333
553,josdejong/jsoneditor,JavaScript,9949,473,992,1934,1133.0
554,stylelint/stylelint,JavaScript,9948,3513,2863,936,2437.3333333333335
555,ksky521/nodeppt,JavaScript,9931,48,257,2109,804.6666666666666
556,svgdotjs/svg.js,JavaScript,9930,251,1030,1058,779.6666666666666
557,NaturalNode/natural,JavaScript,9914,308,343,871,507.3333333333333
558,kefranabg/readme-md-generator,JavaScript,9905,126,98,1199,474.3333333333333
559,askmike/gekko,JavaScript,9888,791,2092,4037,2306.6666666666665
560,bailicangdu/vue2-happyfri,JavaScript,9883,18,105,2855,992.6666666666666
561,purifycss/purifycss,JavaScript,9876,109,119,426,218.0
562,aFarkas/html5shiv,JavaScript,9874,89,142,2708,979.6666666666666
563,typicode/hotel,JavaScript,9830,144,230,466,280.0
564,cure53/DOMPurify,JavaScript,9805,288,431,604,441.0
565,alyssaxuu/flowy,JavaScript,9803,20,115,800,311.6666666666667
566,Netflix/pollyjs,JavaScript,9789,261,201,383,281.6666666666667
567,coryhouse/react-slingshot,JavaScript,9779,328,410,2728,1155.3333333333333
568,jquery-archive/jquery-mobile,JavaScript,9776,2208,6451,2497,3718.6666666666665
569,vuejs-templates/webpack,JavaScript,9739,561,965,4544,2023.3333333333333
570,matthieua/WOW,JavaScript,9721,77,282,4224,1527.6666666666667
571,meliorence/react-native-snap-carousel,JavaScript,9708,182,776,2068,1008.6666666666666
572,aui/art-template,JavaScript,9706,49,594,2737,1126.6666666666667
573,NginxProxyManager/nginx-proxy-manager,JavaScript,9698,378,1663,1185,1075.3333333333333
574,snapappointments/bootstrap-select,JavaScript,9651,584,2187,2743,1838.0
575,hackjutsu/Lepton,JavaScript,9624,107,429,484,340.0
576,sdelements/lets-chat,JavaScript,9616,252,566,1603,807.0
577,jhen0409/react-native-debugger,JavaScript,9610,264,460,827,517.0
578,addyosmani/critical,JavaScript,9607,209,331,407,315.6666666666667
579,kautukkundan/Awesome-Profile-README-templates,JavaScript,9601,373,31,6889,2431.0
580,fantasyland/fantasy-land,JavaScript,9575,164,168,390,240.66666666666666
581,r-spacex/SpaceX-API,JavaScript,9572,726,509,845,693.3333333333334
582,peachananr/onepage-scroll,JavaScript,9558,98,264,2147,836.3333333333334
583,ruanyf/webpack-demos,JavaScript,9553,37,64,2298,799.6666666666666
584,senchalabs/connect,JavaScript,9552,431,702,1144,759.0
585,kleampa/not-paid,JavaScript,9545,31,0,736,255.66666666666666
586,BoyceLig/Clash_Chinese_Patch,JavaScript,9526,36,52,887,325.0
587,GoogleChromeLabs/quicklink,JavaScript,9504,151,103,370,208.0
588,erikras/ducks-modular-redux,JavaScript,9496,29,0,362,130.33333333333334
589,reactjs/react-transition-group,JavaScript,9492,319,543,679,513.6666666666666
590,maxogden/art-of-node,JavaScript,9488,64,24,892,326.6666666666667
591,openlayers/openlayers,JavaScript,9476,8481,5736,2811,5676.0
592,DevExpress/testcafe,JavaScript,9449,2945,4264,662,2623.6666666666665
593,apidoc/apidoc,JavaScript,9448,415,866,1707,996.0
594,mayswind/AriaNg,JavaScript,9446,55,616,1152,607.6666666666666
595,mdbootstrap/material-design-for-bootstrap,JavaScript,9444,59,241,1182,494.0
596,paulmillr/chokidar,JavaScript,9426,342,886,564,597.3333333333334
597,metafizzy/zdog,JavaScript,9424,22,94,370,162.0
598,CesiumGS/cesium,JavaScript,9419,5715,5085,3029,4609.666666666667
599,gabrielbull/react-desktop,JavaScript,9400,71,95,488,218.0
600,HabitRPG/habitica,JavaScript,9394,6545,7737,3561,5947.666666666667
601,remarkjs/react-markdown,JavaScript,9386,155,550,788,497.6666666666667
602,VickScarlet/lifeRestart,JavaScript,9382,103,260,2257,873.3333333333334
603,gildas-lormeau/SingleFile,JavaScript,9381,172,786,675,544.3333333333334
604,qeeqbox/social-analyzer,JavaScript,9380,33,56,724,271.0
605,Automattic/kue,JavaScript,9379,320,931,902,717.6666666666666
606,oblador/react-native-animatable,JavaScript,9355,102,295,732,376.3333333333333
607,timarney/react-app-rewired,JavaScript,9344,232,402,413,349.0
608,addyosmani/backbone-fundamentals,JavaScript,9333,476,258,1477,737.0
609,hackerkid/Mind-Expanding-Books,JavaScript,9321,394,50,1012,485.3333333333333
610,GoogleChromeLabs/carlo,JavaScript,9309,56,114,341,170.33333333333334
611,adamwdraper/Numeral-js,JavaScript,9307,405,373,951,576.3333333333334
612,welldone-software/why-did-you-render,JavaScript,9300,74,184,168,142.0
613,alexfoxy/lax.js,JavaScript,9289,57,121,475,217.66666666666666
614,react-dropzone/react-dropzone,JavaScript,9265,472,747,771,663.3333333333334
615,uncss/uncss,JavaScript,9264,174,298,440,304.0
616,cnodejs/nodeclub,JavaScript,9255,616,534,3204,1451.3333333333333
617,aksakalli/gtop,JavaScript,9250,36,91,343,156.66666666666666
618,c3js/c3,JavaScript,9227,630,2236,1440,1435.3333333333333
619,yjs/yjs,JavaScript,9223,133,343,369,281.6666666666667
620,eduardolundgren/tracking.js,JavaScript,9221,101,301,1474,625.3333333333334
621,sparksuite/simplemde-markdown-editor,JavaScript,9191,224,607,1135,655.3333333333334
622,arasatasaygin/is.js,JavaScript,9175,168,158,665,330.3333333333333
623,streamaserver/streama,JavaScript,9175,217,902,996,705.0
624,novnc/noVNC,JavaScript,9165,505,1189,1912,1202.0
625,oldboyxx/jira_clone,JavaScript,9143,41,0,1548,529.6666666666666
626,sinonjs/sinon,JavaScript,9137,1177,1297,806,1093.3333333333333
627,jojoldu/junior-recruit-scheduler,JavaScript,9134,435,28,1579,680.6666666666666
628,hacksalot/HackMyResume,JavaScript,9111,66,171,545,260.6666666666667
629,gka/chroma.js,JavaScript,9103,85,203,554,280.6666666666667
630,piskelapp/piskel,JavaScript,9093,428,647,652,575.6666666666666
631,mapbox/mapbox-gl-js,JavaScript,9082,5070,7177,2011,4752.666666666667
632,zuiidea/antd-admin,JavaScript,9078,163,974,2450,1195.6666666666667
633,VGraupera/1on1-questions,JavaScript,9068,13,6,612,210.33333333333334
634,guillaumepotier/Parsley.js,JavaScript,9046,478,887,1364,909.6666666666666
635,bigskysoftware/htmx,JavaScript,9022,421,590,342,451.0
636,typekit/webfontloader,JavaScript,9013,183,263,726,390.6666666666667
637,aksonov/react-native-router-flux,JavaScript,9009,725,3101,2181,2002.3333333333333
638,didi/cube-ui,JavaScript,9003,199,606,1511,772.0
639,webtorrent/webtorrent-desktop,JavaScript,8999,1139,1121,1025,1095.0
640,Laverna/laverna,JavaScript,8964,229,780,839,616.0
641,nextapps-de/flexsearch,JavaScript,8962,72,251,364,229.0
642,mozilla/BrowserQuest,JavaScript,8959,48,0,2793,947.0
643,ziahamza/webui-aria2,JavaScript,8955,229,380,1434,681.0
644,didi/chameleon,JavaScript,8936,187,429,693,436.3333333333333
645,mobz/elasticsearch-head,JavaScript,8915,136,324,1960,806.6666666666666
646,tsayen/dom-to-image,JavaScript,8914,79,357,1611,682.3333333333334
647,marmelab/gremlins.js,JavaScript,8900,109,85,454,216.0
648,1c7/Crash-Course-Computer-Science-Chinese,JavaScript,8879,10,13,1441,488.0
649,microsoft/Windows-universal-samples,JavaScript,8866,250,1101,8031,3127.3333333333335
650,Automattic/node-canvas,JavaScript,8862,533,1598,1061,1064.0
651,MetaMask/metamask-extension,JavaScript,8850,8526,7469,3444,6479.666666666667
652,acornjs/acorn,JavaScript,8837,431,704,819,651.3333333333334
653,NUKnightLab/TimelineJS,JavaScript,8815,141,0,1602,581.0
654,olistic/warriorjs,JavaScript,8808,145,115,512,257.3333333333333
655,ricklamers/gridstudio,JavaScript,8805,18,128,1518,554.6666666666666
656,easy-mock/easy-mock,JavaScript,8805,53,421,1349,607.6666666666666
657,angular/protractor,JavaScript,8798,1511,4039,2395,2648.3333333333335
658,jshint/jshint,JavaScript,8798,1204,2399,1751,1784.6666666666667
659,desandro/imagesloaded,JavaScript,8756,68,240,1194,500.6666666666667
660,Hackl0us/SS-Rule-Snippet,JavaScript,8753,67,141,1793,667.0
661,chakra-core/ChakraCore,JavaScript,8752,4710,2100,1301,2703.6666666666665
662,gskinner/regexr,JavaScript,8746,54,409,888,450.3333333333333
663,jprichardson/node-fs-extra,JavaScript,8741,358,607,781,582.0
664,ejci/favico.js,JavaScript,8737,58,98,640,265.3333333333333
665,cytoscape/cytoscape.js,JavaScript,8737,372,2632,1565,1523.0
666,klaudiosinani/signale,JavaScript,8718,51,67,254,124.0
667,tuupola/lazyload,JavaScript,8710,166,287,2320,924.3333333333334
668,ffmpegwasm/ffmpeg.wasm,JavaScript,8702,70,332,449,283.6666666666667
669,react-toolbox/react-toolbox,JavaScript,8699,684,1266,1041,997.0
670,flutterchina/flutter-in-action,JavaScript,8698,290,178,1731,733.0
671,GetStream/Winds,JavaScript,8684,371,313,621,435.0
672,facebookarchive/react-360,JavaScript,8667,166,652,1295,704.3333333333334
673,Nozbe/WatermelonDB,JavaScript,8648,636,737,508,627.0
674,OnsenUI/OnsenUI,JavaScript,8648,1239,1791,1024,1351.3333333333333
675,carhartl/jquery-cookie,JavaScript,8641,116,283,4202,1533.6666666666667
676,lowlighter/metrics,JavaScript,8638,658,270,988,638.6666666666666
677,trazyn/ieaseMusic,JavaScript,8635,70,412,994,492.0
678,Koenkk/zigbee2mqtt,JavaScript,8631,2389,8916,1360,4221.666666666667
679,ikatyang/emoji-cheat-sheet,JavaScript,8617,466,86,3697,1416.3333333333333
680,humanwhocodes/computer-science-in-javascript,JavaScript,8601,34,17,1207,419.3333333333333
681,protobufjs/protobuf.js,JavaScript,8601,495,1329,1336,1053.3333333333333
682,Nickersoft/push.js,JavaScript,8599,128,166,596,296.6666666666667
683,gotwarlost/istanbul,JavaScript,8561,245,704,837,595.3333333333334
684,klaudiosinani/taskbook,JavaScript,8559,72,126,390,196.0
685,node-schedule/node-schedule,JavaScript,8549,254,453,534,413.6666666666667
686,douglascrockford/JSON-js,JavaScript,8537,46,61,4714,1607.0
687,jhu-ep-coursera/fullstack-course4,JavaScript,8537,214,126,10752,3697.3333333333335
688,cncf/landscape,JavaScript,8527,2205,611,1620,1478.6666666666667
689,dexie/Dexie.js,JavaScript,8518,443,1144,564,717.0
690,yemount/pose-animator,JavaScript,8504,20,45,935,333.3333333333333
691,shipshapecode/tether,JavaScript,8493,1026,195,797,672.6666666666666
692,agenda/agenda,JavaScript,8488,686,762,774,740.6666666666666
693,evolus/pencil,JavaScript,8469,118,618,712,482.6666666666667
694,jamiebuilds/itsy-bitsy-data-structures,JavaScript,8414,44,0,670,238.0
695,MarshallOfSound/Google-Play-Music-Desktop-Player-UNOFFICIAL-,JavaScript,8398,773,3174,818,1588.3333333333333
696,Stuk/jszip,JavaScript,8381,231,636,1242,703.0
697,foliojs/pdfkit,JavaScript,8375,308,1087,1017,804.0
698,jakesgordon/javascript-state-machine,JavaScript,8368,54,150,991,398.3333333333333
699,uber/react-vis,JavaScript,8356,642,814,853,769.6666666666666
700,GeekyAnts/vue-native-core,JavaScript,8356,83,258,323,221.33333333333334
701,gridsome/gridsome,JavaScript,8353,374,1277,497,716.0
702,litten/hexo-theme-yilia,JavaScript,8301,108,783,2471,1120.6666666666667
703,layui/layer,JavaScript,8256,63,0,2760,941.0
704,seajs/seajs,JavaScript,8254,101,1657,2657,1471.6666666666667
705,relax/relax,JavaScript,8246,61,388,630,359.6666666666667
706,rawgraphs/rawgraphs-app,JavaScript,8242,61,275,1841,725.6666666666666
707,olivernn/lunr.js,JavaScript,8229,141,379,577,365.6666666666667
708,dat-ecosystem-archive/dat,JavaScript,8218,465,728,495,562.6666666666666
709,WordPress/gutenberg,JavaScript,8215,24254,20659,3204,16039.0
710,FineUploader/fine-uploader,JavaScript,8201,377,1692,1935,1334.6666666666667
711,google/traceur-compiler,JavaScript,8175,1058,1092,628,926.0
712,text-mask/text-mask,JavaScript,8160,377,685,857,639.6666666666666
713,Kristories/awesome-guidelines,JavaScript,8155,60,0,550,203.33333333333334
714,hackmdio/codimd,JavaScript,8146,737,1026,979,914.0
715,jsx-eslint/eslint-plugin-react,JavaScript,8105,1223,2244,2670,2045.6666666666667
716,electron/electron-packager,JavaScript,8098,575,853,792,740.0
717,uBlock-LLC/uBlock,JavaScript,8090,169,1654,473,765.3333333333334
718,openspug/spug,JavaScript,8058,73,494,1725,764.0
719,grommet/grommet,JavaScript,8055,3407,3034,989,2476.6666666666665
720,sockjs/sockjs-client,JavaScript,8054,165,420,1309,631.3333333333334
721,adrai/flowchart.js,JavaScript,8046,52,190,1211,484.3333333333333
722,VulcanJS/Vulcan,JavaScript,8024,1286,1468,1974,1576.0
723,harthur/brain,JavaScript,8010,37,46,933,338.6666666666667
724,brave/browser-laptop,JavaScript,8007,3664,11677,1036,5459.0
725,egonSchiele/grokking_algorithms,JavaScript,7987,200,42,2996,1079.3333333333333
726,Mango/slideout,JavaScript,7983,68,231,1218,505.6666666666667
727,sindresorhus/ora,JavaScript,7978,87,128,289,168.0
728,mishoo/UglifyJS-old,JavaScript,7972,173,0,755,309.3333333333333
729,evil-huawei/evil-huawei,JavaScript,7960,23,0,589,204.0
730,CreateJS/EaselJS,JavaScript,7954,210,864,2021,1031.6666666666667
731,remix-run/history,JavaScript,7950,374,581,997,650.6666666666666
732,mgonto/restangular,JavaScript,7949,269,1223,893,795.0
733,danialfarid/ng-file-upload,JavaScript,7936,228,1918,1639,1261.6666666666667
734,mediaelement/mediaelement,JavaScript,7931,707,2190,1614,1503.6666666666667
735,developit/htm,JavaScript,7930,99,131,157,129.0
736,node-fetch/node-fetch,JavaScript,7925,668,847,962,825.6666666666666
737,mailcheck/mailcheck,JavaScript,7923,94,94,503,230.33333333333334
738,mrdoob/stats.js,JavaScript,7918,61,0,1212,424.3333333333333
739,react-grid-layout/react-draggable,JavaScript,7918,217,443,961,540.3333333333334
740,jawil/blog,JavaScript,7918,0,43,902,315.0
741,pedroslopez/whatsapp-web.js,JavaScript,7909,461,1280,1773,1171.3333333333333
742,mozilla/nunjucks,JavaScript,7907,440,971,654,688.3333333333334
743,almende/vis,JavaScript,7902,932,3379,1533,1948.0
744,JackyAndroid/AndroidInterview-Q-A,JavaScript,7898,34,19,1785,612.6666666666666
745,reactjs/react-router-redux,JavaScript,7894,165,472,707,448.0
746,ryanburgess/engineer-manager,JavaScript,7891,66,5,494,188.33333333333334
747,Pikaday/Pikaday,JavaScript,7886,325,608,1355,762.6666666666666
748,hakimel/Ladda,JavaScript,7885,54,51,903,336.0
749,beautify-web/js-beautify,JavaScript,7885,607,1498,1357,1154.0
750,facebook/jscodeshift,JavaScript,7868,226,299,450,325.0
751,felixrieseberg/macintosh.js,JavaScript,7863,42,100,315,152.33333333333334
752,qiao/PathFinding.js,JavaScript,7858,67,136,1281,494.6666666666667
753,facebookarchive/nuclide,JavaScript,7858,329,1292,760,793.6666666666666
754,swagger-api/swagger-editor,JavaScript,7843,1737,1821,2099,1885.6666666666667
755,jonobr1/two.js,JavaScript,7839,148,518,473,379.6666666666667
756,thinkgem/jeesite,JavaScript,7836,123,390,5807,2106.6666666666665
757,playcanvas/engine,JavaScript,7827,3050,1682,1211,1981.0
758,rebassjs/rebass,JavaScript,7817,674,475,671,606.6666666666666
759,jamiebuilds/unstated,JavaScript,7814,83,0,310,131.0
760,fengyuanchen/cropper,JavaScript,7805,93,992,1798,961.0
761,alibaba/rax,JavaScript,7805,1615,763,654,1010.6666666666666
762,wappalyzer/wappalyzer,JavaScript,7789,4471,2429,2232,3044.0
763,dthree/cash,JavaScript,7777,46,79,250,125.0
764,beefproject/beef,JavaScript,7763,643,1944,1804,1463.6666666666667
765,i18next/react-i18next,JavaScript,7763,498,1054,991,847.6666666666666
766,metalsmith/metalsmith,JavaScript,7755,144,234,667,348.3333333333333
767,upgundecha/howtheysre,JavaScript,7748,103,11,578,230.66666666666666
768,amsul/pickadate.js,JavaScript,7740,261,979,1059,766.3333333333334
769,chaijs/chai,JavaScript,7734,583,884,703,723.3333333333334
770,hilongjw/vue-lazyload,JavaScript,7734,106,390,882,459.3333333333333
771,zhukov/webogram,JavaScript,7733,319,1778,2439,1512.0
772,janeczku/calibre-web,JavaScript,7730,559,2021,968,1182.6666666666667
773,isaacs/node-glob,JavaScript,7725,147,329,487,321.0
774,OwlCarousel2/OwlCarousel2,JavaScript,7725,315,2575,2332,1740.6666666666667
775,bigbluebutton/bigbluebutton,JavaScript,7701,7629,8223,5797,7216.333333333333
776,kamens/jQuery-menu-aim,JavaScript,7688,37,62,1128,409.0
777,alyssaxuu/screenity,JavaScript,7678,28,138,639,268.3333333333333
778,icindy/wxParse,JavaScript,7669,48,328,1848,741.3333333333334
779,vitejs/awesome-vite,JavaScript,7664,562,27,650,413.0
780,davidsonfellipe/awesome-wpo,JavaScript,7663,136,25,568,243.0
781,be5invis/Sarasa-Gothic,JavaScript,7657,14,291,338,214.33333333333334
782,fex-team/webuploader,JavaScript,7647,154,3034,2365,1851.0
783,bramp/js-sequence-diagrams,JavaScript,7640,62,174,1107,447.6666666666667
784,evilstreak/markdown-js,JavaScript,7640,119,201,907,409.0
785,kimmobrunfeldt/progressbar.js,JavaScript,7622,65,231,1456,584.0
786,ecomfe/vue-echarts,JavaScript,7606,74,574,1392,680.0
787,bencodezen/vue-enterprise-boilerplate,JavaScript,7591,58,178,1325,520.3333333333334
788,kelektiv/node-cron,JavaScript,7582,122,507,606,411.6666666666667
789,terkelg/prompts,JavaScript,7571,149,224,289,220.66666666666666
790,visionmedia/page.js,JavaScript,7550,286,307,724,439.0
791,vladikoff/chromeos-apk,JavaScript,7548,30,271,958,419.6666666666667
792,mgechev/javascript-algorithms,JavaScript,7543,134,65,1292,497.0
793,popcorn-official/popcorn-desktop,JavaScript,7542,904,1678,518,1033.3333333333333
794,mertJF/tailblocks,JavaScript,7538,33,69,700,267.3333333333333
795,cerebroapp/cerebro,JavaScript,7533,237,376,484,365.6666666666667
796,alibaba/anyproxy,JavaScript,7504,107,499,1212,606.0
797,troyeguo/koodo-reader,JavaScript,7493,28,523,685,412.0
798,primer/octicons,JavaScript,7489,541,264,860,555.0
799,styled-system/styled-system,JavaScript,7480,1647,491,532,890.0
800,webpack/webpack-dev-server,JavaScript,7474,2585,1960,1450,1998.3333333333333
801,terser/terser,JavaScript,7446,417,856,329,534.0
802,pastelsky/bundlephobia,JavaScript,7442,78,600,222,300.0
803,Turfjs/turf,JavaScript,7441,864,1480,827,1057.0
804,FormidableLabs/radium,JavaScript,7438,493,587,350,476.6666666666667
805,ethereum/mist,JavaScript,7422,776,3113,2056,1981.6666666666667
806,ljharb/qs,JavaScript,7403,153,297,709,386.3333333333333
807,bailicangdu/react-pxq,JavaScript,7402,8,108,2180,765.3333333333334
808,apsdehal/awesome-ctf,JavaScript,7396,151,16,1364,510.3333333333333
809,leeoniya/uPlot,JavaScript,7383,109,649,301,353.0
810,styled-components/polished,JavaScript,7368,400,222,244,288.6666666666667
811,rstacruz/jquery.transit,JavaScript,7361,67,179,911,385.6666666666667
812,dc-js/dc.js,JavaScript,7360,601,1264,1849,1238.0
813,ljianshu/Blog,JavaScript,7331,30,68,1151,416.3333333333333
814,tumobi/nideshop-mini-program,JavaScript,7329,10,32,2217,753.0
815,seanprashad/leetcode-patterns,JavaScript,7305,129,107,1296,510.6666666666667
816,developit/microbundle,JavaScript,7304,468,534,376,459.3333333333333
817,stefanpenner/es6-promise,JavaScript,7296,185,176,632,331.0
818,mqttjs/MQTT.js,JavaScript,7290,526,999,1308,944.3333333333334
819,electerm/electerm,JavaScript,7281,896,1748,712,1118.6666666666667
820,orbitdb/orbit-db,JavaScript,7264,505,469,523,499.0
821,vernesong/OpenClash,JavaScript,7263,117,2450,1332,1299.6666666666667
822,casperjs/casperjs,JavaScript,7263,569,0,1036,535.0
823,SublimeText/Spacegray,JavaScript,7262,57,161,474,230.66666666666666
824,faisalman/ua-parser-js,JavaScript,7255,228,372,1087,562.3333333333334
825,timqian/chart.xkcd,JavaScript,7246,46,39,192,92.33333333333333
826,fancyapps/fancybox,JavaScript,7227,188,2465,1782,1478.3333333333333
827,chrisvfritz/prerender-spa-plugin,JavaScript,7226,131,379,632,380.6666666666667
828,expressjs/morgan,JavaScript,7218,96,163,521,260.0
829,vercel/styled-jsx,JavaScript,7209,286,530,305,373.6666666666667
830,ustbhuangyi/vue-analysis,JavaScript,7205,106,43,1598,582.3333333333334
831,vercel/ncc,JavaScript,7196,493,490,251,411.3333333333333
832,chvin/react-tetris,JavaScript,7196,16,26,1669,570.3333333333334
833,metafizzy/flickity,JavaScript,7195,97,1155,626,626.0
834,novus/nvd3,JavaScript,7182,763,1466,2212,1480.3333333333333
835,aws/aws-sdk-js,JavaScript,7170,1051,3080,1535,1888.6666666666667
836,umdjs/umd,JavaScript,7167,81,58,455,198.0
837,jsplumb/jsplumb,JavaScript,7166,104,1021,1440,855.0
838,surmon-china/vue-quill-editor,JavaScript,7161,33,446,1020,499.6666666666667
839,ApoorvSaxena/lozad.js,JavaScript,7137,121,161,461,247.66666666666666
840,aemkei/jsfuck,JavaScript,7132,79,51,652,260.6666666666667
841,shekhargulati/52-technologies-in-2016,JavaScript,7120,33,52,646,243.66666666666666
842,final-form/react-final-form,JavaScript,7110,305,704,491,500.0
843,es-shims/es5-shim,JavaScript,7106,237,239,945,473.6666666666667
844,hpneo/gmaps,JavaScript,7092,121,474,1332,642.3333333333334
845,marionettejs/backbone.marionette,JavaScript,7092,1928,1774,1301,1667.6666666666667
846,ipfs/js-ipfs,JavaScript,7086,2564,1636,1316,1838.6666666666667
847,Rob--W/cors-anywhere,JavaScript,7082,79,356,3919,1451.3333333333333
848,NeXTs/Clusterize.js,JavaScript,7074,22,166,428,205.33333333333334
849,wuchangming/spy-debugger,JavaScript,7067,19,168,816,334.3333333333333
850,carpedm20/DCGAN-tensorflow,JavaScript,7057,92,303,2684,1026.3333333333333
851,reactjs/react-modal,JavaScript,7056,409,567,819,598.3333333333334
852,verlok/vanilla-lazyload,JavaScript,7033,82,497,663,414.0
853,grpc/grpc-web,JavaScript,7014,610,672,687,656.3333333333334
854,Jermolene/TiddlyWiki5,JavaScript,7000,3371,3185,1093,2549.6666666666665
855,cookpete/react-player,JavaScript,6995,246,1278,985,836.3333333333334
856,mickael-kerjean/filestash,JavaScript,6992,115,383,517,338.3333333333333
857,bitwiseshiftleft/sjcl,JavaScript,6964,152,277,932,453.6666666666667
858,MrXujiang/h5-Dooring,JavaScript,6930,69,78,1354,500.3333333333333
859,reach/router,JavaScript,6928,191,319,352,287.3333333333333
860,matthew-andrews/isomorphic-fetch,JavaScript,6922,56,150,335,180.33333333333334
861,sxei/chrome-plugin-demo,JavaScript,6921,5,32,1600,545.6666666666666
862,apollographql/react-apollo,JavaScript,6920,2237,1801,811,1616.3333333333333
863,jsfiddle/togetherjs,JavaScript,6919,166,1038,887,697.0
864,microsoft/botframework-sdk,JavaScript,6915,685,5690,2400,2925.0
865,sbstjn/timesheet.js,JavaScript,6915,19,36,585,213.33333333333334
866,trentm/node-bunyan,JavaScript,6910,217,484,537,412.6666666666667
867,vaxilu/x-ui,JavaScript,6906,48,0,3076,1041.3333333333333
868,xojs/xo,JavaScript,6898,260,430,330,340.0
869,covid19india/covid19india-react,JavaScript,6893,867,1652,3472,1997.0
870,LeaVerou/awesomplete,JavaScript,6891,176,329,640,381.6666666666667
871,Hacker0x01/react-datepicker,JavaScript,6877,1807,1954,2015,1925.3333333333333
872,cazala/synaptic,JavaScript,6849,75,276,693,348.0
873,cssinjs/jss,JavaScript,6839,629,957,413,666.3333333333334
874,ptomasroos/react-native-scrollable-tab-view,JavaScript,6836,312,872,2269,1151.0
875,brunch/brunch,JavaScript,6835,523,1343,469,778.3333333333334
876,gregberge/loadable-components,JavaScript,6832,344,561,376,427.0
877,thebird/Swipe,JavaScript,6827,189,362,1757,769.3333333333334
878,google/lovefield,JavaScript,6821,47,230,420,232.33333333333334
879,Vincit/objection.js,JavaScript,6819,459,1870,635,988.0
880,kazupon/vue-i18n,JavaScript,6812,811,727,851,796.3333333333334
881,amejiarosario/dsa.js-data-structures-algorithms-javascript,JavaScript,6811,92,23,781,298.6666666666667
882,fengyuanchen/viewerjs,JavaScript,6805,60,485,1190,578.3333333333334
883,rethinkdb/horizon,JavaScript,6804,320,580,405,435.0
884,fontello/fontello,JavaScript,6803,86,675,845,535.3333333333334
885,sindresorhus/np,JavaScript,6803,239,425,324,329.3333333333333
886,RockstarLang/rockstar,JavaScript,6766,136,184,227,182.33333333333334
887,mleibman/SlickGrid,JavaScript,6765,335,888,2043,1088.6666666666667
888,filamentgroup/loadCSS,JavaScript,6764,165,169,580,304.6666666666667
889,enquirer/enquirer,JavaScript,6762,128,276,274,226.0
890,blasten/turn.js,JavaScript,6741,9,657,2404,1023.3333333333334
891,conventional-changelog/standard-version,JavaScript,6727,401,494,745,546.6666666666666
892,needim/noty,JavaScript,6723,125,0,1065,396.6666666666667
893,choojs/choo,JavaScript,6713,402,310,662,458.0
894,aheckmann/gm,JavaScript,6698,187,660,621,489.3333333333333
895,mde/ejs,JavaScript,6694,199,497,742,479.3333333333333
896,ElemeFE/v-charts,JavaScript,6689,88,847,1775,903.3333333333334
897,octref/polacode,JavaScript,6685,24,153,214,130.33333333333334
898,sindresorhus/fkill-cli,JavaScript,6664,31,53,204,96.0
899,glidejs/glide,JavaScript,6658,108,510,761,459.6666666666667
900,conventional-changelog/conventional-changelog,JavaScript,6653,524,423,666,537.6666666666666
901,blackmatrix7/ios_rule_script,JavaScript,6642,52,667,1294,671.0
902,academicpages/academicpages.github.io,JavaScript,6638,816,242,23315,8124.333333333333
903,zeroclipboard/zeroclipboard,JavaScript,6634,227,469,1099,598.3333333333334
904,beakerbrowser/beaker,JavaScript,6632,439,1410,568,805.6666666666666
905,kpdecker/jsdiff,JavaScript,6631,166,216,451,277.6666666666667
906,hotoo/pinyin,JavaScript,6622,95,257,810,387.3333333333333
907,bpmn-io/bpmn-js,JavaScript,6621,544,1203,1091,946.0
908,blueedgetechno/win11React,JavaScript,6612,395,224,405,341.3333333333333
909,listen1/listen1_desktop,JavaScript,6612,54,847,1167,689.3333333333334
910,fangwei716/30-days-of-react-native,JavaScript,6590,6,80,1479,521.6666666666666
911,yagop/node-telegram-bot-api,JavaScript,6579,206,805,1273,761.3333333333334
912,go-shiori/shiori,JavaScript,6579,159,299,448,302.0
913,redux-utilities/redux-actions,JavaScript,6575,176,205,337,239.33333333333334
914,pahen/madge,JavaScript,6571,101,226,290,205.66666666666666
915,dilanx/craco,JavaScript,6568,104,351,483,312.6666666666667
916,flightjs/flight,JavaScript,6567,226,153,568,315.6666666666667
917,briangonzalez/jquery.adaptive-backgrounds.js,JavaScript,6564,28,59,481,189.33333333333334
918,gaearon/overreacted.io,JavaScript,6562,673,106,1649,809.3333333333334
919,tholman/elevator.js,JavaScript,6547,39,61,520,206.66666666666666
920,Bogdan-Lyashenko/js-code-to-svg-flowchart,JavaScript,6543,22,49,472,181.0
921,wilsonpage/fastdom,JavaScript,6541,62,67,267,132.0
922,reactjs/react-rails,JavaScript,6539,535,674,768,659.0
923,tiff/wysihtml5,JavaScript,6539,98,465,1061,541.3333333333334
924,shutterstock/rickshaw,JavaScript,6533,252,380,989,540.3333333333334
925,isomorphic-git/isomorphic-git,JavaScript,6531,1141,509,303,651.0
926,elasticsearch-dump/elasticsearch-dump,JavaScript,6514,321,609,789,573.0
927,katspaugh/wavesurfer.js,JavaScript,6511,851,1749,1366,1322.0
928,rauchg/slackin,JavaScript,6502,173,221,1446,613.3333333333334
929,feross/simple-peer,JavaScript,6501,315,587,950,617.3333333333334
930,madrobby/keymaster,JavaScript,6499,102,84,513,233.0
931,sghall/react-move,JavaScript,6487,50,42,212,101.33333333333333
932,vuelidate/vuelidate,JavaScript,6487,308,816,488,537.3333333333334
933,1j01/jspaint,JavaScript,6482,87,223,490,266.6666666666667
934,dataarts/dat.gui,JavaScript,6480,114,208,1063,461.6666666666667
935,npm/cli,JavaScript,6470,1927,3555,2121,2534.3333333333335
936,jackocnr/intl-tel-input,JavaScript,6467,232,1134,1803,1056.3333333333333
937,HashLips/hashlips_art_engine,JavaScript,6460,180,1236,3940,1785.3333333333333
938,vitalets/x-editable,JavaScript,6459,139,1043,1740,974.0
939,i18next/i18next,JavaScript,6444,572,1212,591,791.6666666666666
940,ckeditor/ckeditor5,JavaScript,6433,1953,10730,3126,5269.666666666667
941,stitchesjs/stitches,JavaScript,6421,317,626,187,376.6666666666667
942,twbs/icons,JavaScript,6414,721,733,945,799.6666666666666
943,auduno/clmtrackr,JavaScript,6413,34,149,1189,457.3333333333333
944,arkenfox/user.js,JavaScript,6409,264,985,417,555.3333333333334
945,mcollina/autocannon,JavaScript,6393,294,176,306,258.6666666666667
946,node-formidable/formidable,JavaScript,6391,383,492,683,519.3333333333334
947,Kenshin/simpread,JavaScript,6390,52,4102,476,1543.3333333333333
948,gitalk/gitalk,JavaScript,6372,69,407,612,362.6666666666667
949,jwilber/roughViz,JavaScript,6360,38,30,207,91.66666666666667
950,NobyDa/Script,JavaScript,6356,118,300,3304,1240.6666666666667
951,DIYgod/APlayer,JavaScript,6342,414,335,971,573.3333333333334
952,TalAter/annyang,JavaScript,6340,109,335,1071,505.0
953,wojtekmaj/react-pdf,JavaScript,6338,210,845,664,573.0
954,ramboxapp/community-edition,JavaScript,6333,248,0,821,356.3333333333333
955,Famous/famous,JavaScript,6330,257,454,732,481.0
956,techfort/LokiJS,JavaScript,6325,212,700,483,465.0
957,stevenjoezhang/live2d-widget,JavaScript,6307,23,95,1995,704.3333333333334
958,Freeboard/freeboard,JavaScript,6293,61,223,1203,495.6666666666667
959,bookshelf/bookshelf,JavaScript,6293,564,1555,584,901.0
960,rastapasta/mapscii,JavaScript,6293,58,63,214,111.66666666666667
961,romannurik/AndroidAssetStudio,JavaScript,6284,25,225,1391,547.0
962,bda-research/node-crawler,JavaScript,6282,145,295,879,439.6666666666667
963,hakanyalcinkaya/kodluyoruz-frontend-101-egitimi,JavaScript,6282,3,1,3174,1059.3333333333333
964,dylang/npm-check,JavaScript,6262,141,333,266,246.66666666666666
965,fex-team/ueditor,JavaScript,6240,262,0,2369,877.0
966,jaredreich/notie,JavaScript,6237,58,91,403,184.0
967,shentao/vue-multiselect,JavaScript,6233,409,1156,950,838.3333333333334
968,stubbornella/oocss,JavaScript,6229,85,107,741,311.0
969,poloclub/cnn-explainer,JavaScript,6226,6,43,992,347.0
970,square/crossfilter,JavaScript,6218,54,126,1351,510.3333333333333
971,plasma-umass/scalene,JavaScript,6215,180,246,219,215.0
972,garris/BackstopJS,JavaScript,6191,449,993,578,673.3333333333334
973,andreasbm/web-skills,JavaScript,6190,25,48,612,228.33333333333334
974,jquery/sizzle,JavaScript,6189,252,236,981,489.6666666666667
975,medialize/URI.js,JavaScript,6184,130,286,512,309.3333333333333
976,nenadmarkus/picojs,JavaScript,6184,10,31,477,172.66666666666666
977,prerender/prerender,JavaScript,6178,204,537,913,551.3333333333334
978,jspreadsheet/ce,JavaScript,6171,181,1388,735,768.0
979,antonioru/beautiful-react-hooks,JavaScript,6157,313,74,421,269.3333333333333
980,sdc-alibaba/SUI-Mobile,JavaScript,6146,65,1001,1578,881.3333333333334
981,ProseMirror/prosemirror,JavaScript,6145,142,1177,322,547.0
982,liftoff/GateOne,JavaScript,6138,53,700,955,569.3333333333334
983,thunlp/WantWords,JavaScript,6131,1,40,548,196.33333333333334
984,angular-fullstack/generator-angular-fullstack,JavaScript,6129,856,1948,1269,1357.6666666666667
985,sandstorm-io/sandstorm,JavaScript,6125,2013,1644,714,1457.0
986,os-js/OS.js,JavaScript,6110,197,605,781,527.6666666666666
987,soldair/node-qrcode,JavaScript,6107,94,225,548,289.0
988,jquense/react-big-calendar,JavaScript,6103,725,1540,1987,1417.3333333333333
989,ecrmnn/collect.js,JavaScript,6101,106,140,317,187.66666666666666
990,postmanlabs/newman,JavaScript,6099,1745,1242,1063,1350.0
991,sindresorhus/query-string,JavaScript,6098,144,201,434,259.6666666666667
992,redux-offline/redux-offline,JavaScript,6092,214,309,422,315.0
993,mimecorg/vuido,JavaScript,6092,10,58,251,106.33333333333333
994,bndw/wifi-card,JavaScript,6090,191,61,404,218.66666666666666
995,slap-editor/slap,JavaScript,6089,179,235,258,224.0
996,ducksboard/gridster.js,JavaScript,6075,82,527,1234,614.3333333333334
997,ecomfe/echarts-for-weixin,JavaScript,6070,24,852,1496,790.6666666666666
998,chancejs/chancejs,JavaScript,6055,342,221,440,334.3333333333333
999,doublespeakgames/adarkroom,JavaScript,6049,376,241,1465,694.0
